insert into time(id, nome) values (1, 'Chapecoense');
insert into time(id, nome) values (2, 'Botafogo');
INSERT INTO jogador(cbf, apelido, nome, id_time, tipo) values (154179,'Sidão','Sidney Aparecido Ramos da Silva',2,'PROFISSIONAL');
INSERT INTO jogador(cbf, apelido, nome, id_time, tipo) values (348257,'Emerson Santos','Emerson Raymundo Santos',2,'PROFISSIONAL');
INSERT INTO jogador(cbf, apelido, nome, id_time, tipo) values (540906,'Joel Carli','Mauro Joel Carli',2, 'PROFISSIONAL');
INSERT INTO jogador(cbf, apelido, nome, id_time, tipo) values (295317,'Alemão','Jucimar Jose Teixeira',2, 'PROFISSIONAL');
INSERT INTO jogador(cbf, apelido, nome, id_time, tipo) values (184455,'Rodrigo Lindoso','Rodrigo Oliveira Lindoso',2, 'PROFISSIONAL');
INSERT INTO jogador(cbf, apelido, nome, id_time, tipo) values (309431,'Victor Luis','Victor Luis Chuab Zamblauskas.',2, 'PROFISSIONAL');
INSERT INTO jogador(cbf, apelido, nome, id_time, tipo) values (316754,'Neilton','Neilton Meira Mestzk',2, 'PROFISSIONAL');
INSERT INTO jogador(cbf, apelido, nome, id_time, tipo) values (186870,'Airton','Airton Ribeiro Santos',2, 'PROFISSIONAL');
INSERT INTO jogador(cbf, apelido, nome, id_time, tipo) values (291732,'Rodrigo Pimpao','Rodrigo Pimpao Vianna',2, 'PROFISSIONAL');
INSERT INTO jogador(cbf, apelido, nome, id_time, tipo) values (161437,'Camilo','Fernando Camilo Farias',2, 'PROFISSIONAL');
INSERT INTO jogador(cbf, apelido, nome, id_time, tipo) values (339876,'Diogo Barbosa','Diogo Barbosa Mendanha',2, 'PROFISSIONAL');
INSERT INTO jogador(cbf, apelido, nome, id_time, tipo) values (303187,'Helton Leite','Helton Brant Aleixo Leite',2, 'PROFISSIONAL');
INSERT INTO jogador(cbf, apelido, nome, id_time, tipo) values (315637,'Marcinho','Marcio Almeida de Oliveira',2, 'PROFISSIONAL');
INSERT INTO jogador(cbf, apelido, nome, id_time, tipo) values (154989,'Emerson Silva','Emerson dos Santos da Silva',2, 'PROFISSIONAL');
INSERT INTO jogador(cbf, apelido, nome, id_time, tipo) values (298402,'Renan Fonseca','Renan de Oliveira Fonseca',2, 'PROFISSIONAL');
INSERT INTO jogador(cbf, apelido, nome, id_time, tipo) values (310596,'Fernandes','Jonathan da Silveira Fernandes Reis',2, 'PROFISSIONAL');
INSERT INTO jogador(cbf, apelido, nome, id_time, tipo) values (310627,'Gege','Geirton Marques Aires',2, 'PROFISSIONAL');
INSERT INTO jogador(cbf, apelido, nome, id_time, tipo) values (387150,'Vinicius Tanque','Vinicius Rodolfo de Souza Oliveira',2, 'PROFISSIONAL');
INSERT INTO jogador(cbf, apelido, nome, id_time, tipo) values (307735,'Leandrinho','Leandro Alves de Carvalho',2, 'PROFISSIONAL');
INSERT INTO jogador(cbf, apelido, nome, id_time, tipo) values (308427,'Gustavo Machado','Gustavo Costa da Silva Machado',2, 'PROFISSIONAL');
INSERT INTO jogador(cbf, apelido, nome, id_time, tipo) values (540905,'Gervasio','Gervasio Daniel Nunez',2, 'PROFISSIONAL');
INSERT INTO jogador(cbf, apelido, nome, id_time, tipo) values (139094,'Dudu Cearense','Alexandro Silva de Sousa',2, 'PROFISSIONAL');
INSERT INTO jogador(cbf, apelido, nome, id_time, tipo) values (372434,'Luis Henrique','Luís Henrique Farinhas Taffner',2, 'PROFISSIONAL');

INSERT INTO jogador(cbf, apelido, nome, id_time, tipo) values (159209,'Danilo','Marcos Danilo Padilha',1,'PROFISSIONAL');
INSERT INTO jogador(cbf, apelido, nome, id_time, tipo) values (170061,'Neto','Hélio Hermito Zampier Neto',1,'PROFISSIONAL');
INSERT INTO jogador(cbf, apelido, nome, id_time, tipo) values (305876,'Dener','Dener Assuncao Braz',1,'PROFISSIONAL');
INSERT INTO jogador(cbf, apelido, nome, id_time, tipo) values (340218,'Lucas Gomes','Lucas Gomes da Silva',1,'PROFISSIONAL');
INSERT INTO jogador(cbf, apelido, nome, id_time, tipo) values (169902,'William','William Thiego de Jesus',1,'PROFISSIONAL');
INSERT INTO jogador(cbf, apelido, nome, id_time, tipo) values (165524,'Kempes','Everton Kempes dos Santos Gonçalves',1,'PROFISSIONAL');
INSERT INTO jogador(cbf, apelido, nome, id_time, tipo) values (184216,'Sergio Manoel','Sergio Manoel Barbosa Santos',1,'PROFISSIONAL');
INSERT INTO jogador(cbf, apelido, nome, id_time, tipo) values (351540,'Mateus','Mateus Lucena dos Santos',1,'PROFISSIONAL');
INSERT INTO jogador(cbf, apelido, nome, id_time, tipo) values (347193,'Matheus Biteco','Matheus Bitencourt da Silva',1,'PROFISSIONAL');
INSERT INTO jogador(cbf, apelido, nome, id_time, tipo) values (140653,'Cleber Santana','Cleber Santana Loureiro',1,'PROFISSIONAL');
INSERT INTO jogador(cbf, apelido, nome, id_time, tipo) values (348429,'Tiaguinho','Tiago da Rocha Vieira',1,'PROFISSIONAL');
INSERT INTO jogador(cbf, apelido, nome, id_time, tipo) values (158402,'Bruno Rangel','Bruno Rangel Domingues',1,'PROFISSIONAL');
INSERT INTO jogador(cbf, apelido, nome, id_time, tipo) values (146284,'Neném','Odair Souza',1,'PROFISSIONAL');
INSERT INTO jogador(cbf, apelido, nome, id_time, tipo) values (311569,'Follmann','Jakson Ragnar Follmann',1,'PROFISSIONAL');
INSERT INTO jogador(cbf, apelido, nome, id_time, tipo) values (155389,'Filipe Machado','Filipe Jose Machado',1,'PROFISSIONAL');
INSERT INTO jogador(cbf, apelido, nome, id_time, tipo) values (305555,'Arthur Maia','Arthur Brasiliano Maia',1,'PROFISSIONAL');
INSERT INTO jogador(cbf, apelido, nome, id_time, tipo) values (384435,'Ailton Canela','Ailton Cesar Junior Alves da Silva',1,'PROFISSIONAL');
INSERT INTO jogador(cbf, apelido, nome, id_time, tipo) values (187597,'Alan Ruschel','Alan Luciano Ruschel',1,'PROFISSIONAL');

INSERT INTO arbitro(id, nome) values (1, 'Dewson Fernando Freitas da Silva');
INSERT INTO arbitro(id, nome) values (2, 'Marcio Gleidson Correia Dias');
INSERT INTO arbitro(id, nome) values (3, 'Helcio Araujo Neves');
INSERT INTO arbitro(id, nome) values (4, 'Cleisson Veloso Pereira');